{"phones": ["aːj˥", "aːj˧", "aːj˨", "aːj˨˥", "aːj˨˧", "aːj˨˩", "aːw˥", "aːw˧", "aːw˨", "aːw˨˥", "aːw˨˧", "aːw˨˩", "aː˥", "aː˧", "aː˨", "aː˨˥", "aː˨˧", "aː˨˩", "ej˥", "ej˧", "ej˨", "ej˨˥", "ej˨˧", "ej˨˩", "f", "h", "iːw˥", "iːw˧", "iːw˨", "iːw˨˥", "iːw˨˧", "iːw˨˩", "iː˥", "iː˧", "iː˨", "iː˨˥", "iː˨˧", "iː˨˩", "j", "k", "kʰ", "kʷ", "kʷʰ", "k̚", "l", "m", "m̩˨˩", "n", "ow˥", "ow˧", "ow˨", "ow˨˥", "ow˨˧", "ow˨˩", "p", "pʰ", "p̚", "s", "t", "ts", "tsʰ", "tʰ", "t̚", "uːj˥", "uːj˧", "uːj˨", "uːj˨˥", "uːj˨˧", "uːj˨˩", "uː˥", "uː˧", "uː˨", "uː˨˥", "uː˨˧", "uː˨˩", "w", "yː˥", "yː˧", "yː˨", "yː˨˥", "yː˨˧", "yː˨˩", "ŋ", "ŋ̍˨", "ŋ̍˨˧", "ŋ̍˨˩", "œː˥", "œː˧", "œː˨", "œː˨˥", "œː˨˧", "œː˨˩", "ɐi˥", "ɐi˧", "ɐi˨", "ɐi˨˥", "ɐi˨˧", "ɐi˨˩", "ɐw˥", "ɐw˧", "ɐw˨", "ɐw˨˥", "ɐw˨˧", "ɐw˨˩", "ɐ˥", "ɐ˧", "ɐ˨", "ɐ˨˥", "ɐ˨˧", "ɐ˨˩", "ɔːj˥", "ɔːj˧", "ɔːj˨", "ɔːj˨˥", "ɔːj˨˩", "ɔː˥", "ɔː˧", "ɔː˨", "ɔː˨˥", "ɔː˨˧", "ɔː˨˩", "ɛː˥", "ɛː˧", "ɛː˨", "ɛː˨˥", "ɛː˨˧", "ɛː˨˩", "ɪ˥", "ɪ˧", "ɪ˨", "ɪ˨˥", "ɪ˨˧", "ɪ˨˩", "ɵɥ˥", "ɵɥ˧", "ɵɥ˨", "ɵɥ˨˥", "ɵɥ˨˧", "ɵɥ˨˩", "ɵ˥", "ɵ˧", "ɵ˨", "ɵ˨˥", "ɵ˨˧", "ɵ˨˩", "ʊ˥", "ʊ˧", "ʊ˨", "ʊ˨˥", "ʊ˨˧", "ʊ˨˩"], "phone_mapping": {"<eps>": 0, "sil": 1, "spn": 2, "aːj˥": 3, "aːj˧": 4, "aːj˨": 5, "aːj˨˥": 6, "aːj˨˧": 7, "aːj˨˩": 8, "aːw˥": 9, "aːw˧": 10, "aːw˨": 11, "aːw˨˥": 12, "aːw˨˧": 13, "aːw˨˩": 14, "aː˥": 15, "aː˧": 16, "aː˨": 17, "aː˨˥": 18, "aː˨˧": 19, "aː˨˩": 20, "ej˥": 21, "ej˧": 22, "ej˨": 23, "ej˨˥": 24, "ej˨˧": 25, "ej˨˩": 26, "f": 27, "h": 28, "iːw˥": 29, "iːw˧": 30, "iːw˨": 31, "iːw˨˥": 32, "iːw˨˧": 33, "iːw˨˩": 34, "iː˥": 35, "iː˧": 36, "iː˨": 37, "iː˨˥": 38, "iː˨˧": 39, "iː˨˩": 40, "j": 41, "k": 42, "kʰ": 43, "kʷ": 44, "kʷʰ": 45, "k̚": 46, "l": 47, "m": 48, "m̩˨˩": 49, "n": 50, "ow˥": 51, "ow˧": 52, "ow˨": 53, "ow˨˥": 54, "ow˨˧": 55, "ow˨˩": 56, "p": 57, "pʰ": 58, "p̚": 59, "s": 60, "t": 61, "ts": 62, "tsʰ": 63, "tʰ": 64, "t̚": 65, "uːj˥": 66, "uːj˧": 67, "uːj˨": 68, "uːj˨˥": 69, "uːj˨˧": 70, "uːj˨˩": 71, "uː˥": 72, "uː˧": 73, "uː˨": 74, "uː˨˥": 75, "uː˨˧": 76, "uː˨˩": 77, "w": 78, "yː˥": 79, "yː˧": 80, "yː˨": 81, "yː˨˥": 82, "yː˨˧": 83, "yː˨˩": 84, "ŋ": 85, "ŋ̍˨": 86, "ŋ̍˨˧": 87, "ŋ̍˨˩": 88, "œː˥": 89, "œː˧": 90, "œː˨": 91, "œː˨˥": 92, "œː˨˧": 93, "œː˨˩": 94, "ɐi˥": 95, "ɐi˧": 96, "ɐi˨": 97, "ɐi˨˥": 98, "ɐi˨˧": 99, "ɐi˨˩": 100, "ɐw˥": 101, "ɐw˧": 102, "ɐw˨": 103, "ɐw˨˥": 104, "ɐw˨˧": 105, "ɐw˨˩": 106, "ɐ˥": 107, "ɐ˧": 108, "ɐ˨": 109, "ɐ˨˥": 110, "ɐ˨˧": 111, "ɐ˨˩": 112, "ɔːj˥": 113, "ɔːj˧": 114, "ɔːj˨": 115, "ɔːj˨˥": 116, "ɔːj˨˩": 117, "ɔː˥": 118, "ɔː˧": 119, "ɔː˨": 120, "ɔː˨˥": 121, "ɔː˨˧": 122, "ɔː˨˩": 123, "ɛː˥": 124, "ɛː˧": 125, "ɛː˨": 126, "ɛː˨˥": 127, "ɛː˨˧": 128, "ɛː˨˩": 129, "ɪ˥": 130, "ɪ˧": 131, "ɪ˨": 132, "ɪ˨˥": 133, "ɪ˨˧": 134, "ɪ˨˩": 135, "ɵɥ˥": 136, "ɵɥ˧": 137, "ɵɥ˨": 138, "ɵɥ˨˥": 139, "ɵɥ˨˧": 140, "ɵɥ˨˩": 141, "ɵ˥": 142, "ɵ˧": 143, "ɵ˨": 144, "ɵ˨˥": 145, "ɵ˨˧": 146, "ɵ˨˩": 147, "ʊ˥": 148, "ʊ˧": 149, "ʊ˨": 150, "ʊ˨˥": 151, "ʊ˨˧": 152, "ʊ˨˩": 153}, "phone_groups": {"0": ["ɐ˥", "ɐ˧", "ɐ˨", "ɐ˨˥", "ɐ˨˧", "ɐ˨˩"], "1": ["aː˥", "aː˧", "aː˨", "aː˨˥", "aː˨˧", "aː˨˩"], "2": ["aːj˥", "aːj˧", "aːj˨", "aːj˨˥", "aːj˨˧", "aːj˨˩"], "3": ["aːw˥", "aːw˧", "aːw˨", "aːw˨˥", "aːw˨˧", "aːw˨˩"], "4": ["ɐi˥", "ɐi˧", "ɐi˨", "ɐi˨˥", "ɐi˨˧", "ɐi˨˩"], "5": ["ɐw˥", "ɐw˧", "ɐw˨", "ɐw˨˥", "ɐw˨˧", "ɐw˨˩"], "6": ["ɛː˥", "ɛː˧", "ɛː˨", "ɛː˨˥", "ɛː˨˧", "ɛː˨˩"], "7": ["ej˥", "ej˧", "ej˨", "ej˨˥", "ej˨˧", "ej˨˩"], "8": ["ɵ˥", "ɵ˧", "ɵ˨", "ɵ˨˥", "ɵ˨˧", "ɵ˨˩"], "9": ["ɵɥ˥", "ɵɥ˧", "ɵɥ˨", "ɵɥ˨˥", "ɵɥ˨˧", "ɵɥ˨˩"], "10": [], "11": ["iː˥", "iː˧", "iː˨", "iː˨˥", "iː˨˧", "iː˨˩", "j", "ɪ˥", "ɪ˧", "ɪ˨", "ɪ˨˥", "ɪ˨˧", "ɪ˨˩"], "12": ["iːw˥", "iːw˧", "iːw˨", "iːw˨˥", "iːw˨˧", "iːw˨˩"], "13": ["ɔː˥", "ɔː˧", "ɔː˨", "ɔː˨˥", "ɔː˨˧", "ɔː˨˩"], "14": ["œː˥", "œː˧", "œː˨", "œː˨˥", "œː˨˧", "œː˨˩"], "15": ["ɔːj˥", "ɔːj˧", "ɔːj˨", "ɔːj˨˥", "ɔːj˨˩"], "16": ["ow˥", "ow˧", "ow˨", "ow˨˥", "ow˨˧", "ow˨˩"], "17": ["uː˥", "uː˧", "uː˨", "uː˨˥", "uː˨˧", "uː˨˩", "w", "ʊ˥", "ʊ˧", "ʊ˨", "ʊ˨˥", "ʊ˨˧", "ʊ˨˩"], "18": ["uːj˥", "uːj˧", "uːj˨", "uːj˨˥", "uːj˨˧", "uːj˨˩"], "19": ["yː˥", "yː˧", "yː˨", "yː˨˥", "yː˨˧", "yː˨˩"], "20": ["m", "m̩˨˩"], "21": ["n"], "22": ["l"], "23": ["ŋ", "ŋ̍˨", "ŋ̍˨˧", "ŋ̍˨˩"], "24": ["p", "p̚"], "25": ["pʰ"], "26": ["s"], "27": ["t", "t̚"], "28": ["ts"], "29": ["tsʰ"], "30": ["tʰ"], "31": ["k", "k̚"], "32": ["kʷ"], "33": ["kʰ"], "34": ["kʷʰ"], "35": ["f"], "36": ["h"]}, "version": "3.0.0", "architecture": "gmm-hmm", "train_date": "2024-02-28 04:33:01.181035", "training": {"audio_duration": 80902.152, "num_speakers": 459, "num_utterances": 20659, "num_oovs": 0, "average_log_likelihood": -0.11235991600788013}, "dictionaries": {"names": ["lexicon"], "default": "lexicon", "silence_word": "<eps>", "use_g2p": false, "oov_word": "<unk>", "bracketed_word": "[bracketed]", "laughter_word": "[laughter]", "clitic_marker": "'", "position_dependent_phones": false}, "language": "unknown", "features": {"type": "mfcc", "use_energy": false, "frame_shift": 10, "frame_length": 25, "snip_edges": false, "low_frequency": 20, "high_frequency": 7800, "sample_frequency": 16000, "dither": 1.0, "energy_floor": 0, "num_coefficients": 13, "num_mel_bins": 23, "cepstral_lifter": 22, "preemphasis_coefficient": 0.97, "uses_cmvn": true, "uses_deltas": true, "uses_voiced": false, "uses_splices": false, "uses_speaker_adaptation": true, "use_pitch": false, "use_voicing": false, "min_f0": 50, "max_f0": 800, "delta_pitch": 0.005, "penalty_factor": 0.1, "silence_weight": 0.0, "splice_left_context": 3, "splice_right_context": 3}, "oov_phone": "spn", "optional_silence_phone": "sil", "phone_set_type": "UNKNOWN", "silence_probability": 0.21, "initial_silence_probability": 0.21, "final_silence_correction": 0.99, "final_non_silence_correction": 0.01}