{"phones": ["a1", "a2", "a3", "a4", "a5", "a6", "aa1", "aa2", "aa3", "aa4", "aa5", "aa6", "b", "c", "d", "e1", "e2", "e3", "e4", "e5", "e6", "eo1", "eo2", "eo3", "eo4", "eo5", "eo6", "f", "g", "gw", "h", "i", "i1", "i2", "i3", "i4", "i5", "i6", "j", "k", "kw", "l", "m", "m4", "n", "ng", "ng4", "ng5", "ng6", "o1", "o2", "o3", "o4", "o5", "o6", "oe1", "oe2", "oe3", "oe4", "oe5", "oe6", "p", "s", "t", "u", "u1", "u2", "u3", "u4", "u5", "u6", "w", "yu1", "yu2", "yu3", "yu4", "yu5", "yu6", "z"], "phone_mapping": {"<eps>": 0, "sil": 1, "spn": 2, "a1": 3, "a2": 4, "a3": 5, "a4": 6, "a5": 7, "a6": 8, "aa1": 9, "aa2": 10, "aa3": 11, "aa4": 12, "aa5": 13, "aa6": 14, "b": 15, "c": 16, "d": 17, "e1": 18, "e2": 19, "e3": 20, "e4": 21, "e5": 22, "e6": 23, "eo1": 24, "eo2": 25, "eo3": 26, "eo4": 27, "eo5": 28, "eo6": 29, "f": 30, "g": 31, "gw": 32, "h": 33, "i": 34, "i1": 35, "i2": 36, "i3": 37, "i4": 38, "i5": 39, "i6": 40, "j": 41, "k": 42, "kw": 43, "l": 44, "m": 45, "m4": 46, "n": 47, "ng": 48, "ng4": 49, "ng5": 50, "ng6": 51, "o1": 52, "o2": 53, "o3": 54, "o4": 55, "o5": 56, "o6": 57, "oe1": 58, "oe2": 59, "oe3": 60, "oe4": 61, "oe5": 62, "oe6": 63, "p": 64, "s": 65, "t": 66, "u": 67, "u1": 68, "u2": 69, "u3": 70, "u4": 71, "u5": 72, "u6": 73, "w": 74, "yu1": 75, "yu2": 76, "yu3": 77, "yu4": 78, "yu5": 79, "yu6": 80, "z": 81}, "phone_groups": {"a1": ["a1"], "a2": ["a2"], "a3": ["a3"], "a4": ["a4"], "a5": ["a5"], "a6": ["a6"], "aa1": ["aa1"], "aa2": ["aa2"], "aa3": ["aa3"], "aa4": ["aa4"], "aa5": ["aa5"], "aa6": ["aa6"], "b": ["b"], "c": ["c"], "d": ["d"], "e1": ["e1"], "e2": ["e2"], "e3": ["e3"], "e4": ["e4"], "e5": ["e5"], "e6": ["e6"], "eo1": ["eo1"], "eo2": ["eo2"], "eo3": ["eo3"], "eo4": ["eo4"], "eo5": ["eo5"], "eo6": ["eo6"], "f": ["f"], "g": ["g"], "gw": ["gw"], "h": ["h"], "i": ["i"], "i1": ["i1"], "i2": ["i2"], "i3": ["i3"], "i4": ["i4"], "i5": ["i5"], "i6": ["i6"], "j": ["j"], "k": ["k"], "kw": ["kw"], "l": ["l"], "m": ["m"], "m4": ["m4"], "n": ["n"], "ng": ["ng"], "ng4": ["ng4"], "ng5": ["ng5"], "ng6": ["ng6"], "o1": ["o1"], "o2": ["o2"], "o3": ["o3"], "o4": ["o4"], "o5": ["o5"], "o6": ["o6"], "oe1": ["oe1"], "oe2": ["oe2"], "oe3": ["oe3"], "oe4": ["oe4"], "oe5": ["oe5"], "oe6": ["oe6"], "p": ["p"], "s": ["s"], "t": ["t"], "u": ["u"], "u1": ["u1"], "u2": ["u2"], "u3": ["u3"], "u4": ["u4"], "u5": ["u5"], "u6": ["u6"], "w": ["w"], "yu1": ["yu1"], "yu2": ["yu2"], "yu3": ["yu3"], "yu4": ["yu4"], "yu5": ["yu5"], "yu6": ["yu6"], "z": ["z"]}, "version": "3.0.0a8", "architecture": "gmm-hmm", "train_date": "2024-02-18 15:24:49.458699", "training": {"audio_duration": 12549.672, "num_speakers": 26, "num_utterances": 3076, "num_oovs": 0, "average_log_likelihood": -0.10132771591643623}, "dictionaries": {"names": ["lexicon"], "default": "lexicon", "silence_word": "<eps>", "use_g2p": false, "oov_word": "<unk>", "bracketed_word": "[bracketed]", "laughter_word": "[laughter]", "clitic_marker": "'", "position_dependent_phones": false}, "language": "unknown", "features": {"type": "mfcc", "use_energy": false, "frame_shift": 10, "frame_length": 25, "snip_edges": true, "low_frequency": 20, "high_frequency": 7800, "sample_frequency": 16000, "dither": 1, "energy_floor": 0, "num_coefficients": 13, "num_mel_bins": 23, "cepstral_lifter": 22, "preemphasis_coefficient": 0.97, "uses_cmvn": true, "uses_deltas": true, "uses_voiced": false, "uses_splices": false, "uses_speaker_adaptation": true, "use_pitch": false, "use_voicing": false, "min_f0": 50, "max_f0": 800, "delta_pitch": 0.005, "penalty_factor": 0.1, "silence_weight": 0.0, "splice_left_context": 3, "splice_right_context": 3}, "oov_phone": "spn", "optional_silence_phone": "sil", "phone_set_type": "UNKNOWN", "silence_probability": 0.2, "initial_silence_probability": 0.2, "final_silence_correction": 0.99, "final_non_silence_correction": 0.01}